475.866254188335,1067.4,
477.454335438738,1332.4,
479.0421414022,1624.8,
480.629672150296,1708,
482.21692775457,1644.6,
483.803908286548,1770,
485.390613817727,1762.4,
486.977044419586,1869.2,
488.563200163573,1736.8,
490.149081121116,1871.4,
491.734687363605,1908.8,
493.320018962423,1754.6,
494.905075988916,1887.4,
496.489858514417,1821.8,
498.07436661022,1912.2,
499.65860034761,1929.4,
501.242559797829,1815,
502.826245032107,1915.8,
504.40965612165,2021,
505.992793137632,1974.4,
507.575656151207,1956,
509.15824523351,1991.8,
510.740560455635,1901.6,
512.322601888666,1931.4,
513.904369603656,1934.8,
515.485863671638,1933.8,
517.067084163619,1934.4,
518.648031150573,1898,
520.228704703461,1994.4,
521.809104893215,2031.8,
523.389231790741,1947.4,
524.969085466921,1992.8,
526.54866599262,1982.4,
528.127973438665,2051.4,
529.707007875864,1987.2,
531.285769375008,2051.8,
532.864258006851,2022,
534.442473842135,1938,
536.020416951571,2026.2,
537.598087405841,2019.8,
539.175485275612,2046.4,
540.752610631518,1909.4,
542.329463544178,2098.4,
543.906044084181,1817.4,
545.482352322089,1989.8,
547.058388328441,1946.2,
548.634152173757,2059,
550.209643928527,1993,
551.784863663221,2156.6,
553.359811448285,2096.2,
554.93448735413,2034.2,
556.508891451154,2046.6,
558.083023809728,2084.4,
559.656884500197,2066.2,
561.230473592885,2007.4,
562.80379115809,2032.6,
564.376837266082,2084,
565.94961198711,2082.8,
567.522115391401,2016,
569.094347549154,2158.2,
570.666308530546,2053.4,
572.237998405735,2154.6,
573.809417244837,2132.6,
575.380565117963,2117.2,
576.951442095191,2197,
578.522048246576,2085,
580.092383642154,2143.2,
581.662448351926,2099.2,
583.232242445876,2131.8,
584.801765993964,2176.8,
586.371019066125,2189,
587.940001732269,2145.8,
589.508714062287,2205.2,
591.077156126033,2113.4,
592.645327993351,2156.2,
594.213229734054,2143.6,
595.780861417932,2119.8,
597.348223114751,2095.2,
598.915314894257,2125.4,
600.482136826163,2174,
602.048688980164,2241.2,
603.614971425932,2044.8,
605.180984233112,2175.2,
606.746727471327,2127,
608.312201210179,2143,
609.877405519236,2201.4,
611.442340468049,2087.2,
613.007006126146,2156.8,
614.571402563029,2298.6,
616.135529848184,2130,
617.699388051052,2272,
619.262977241072,2214.6,
620.826297487648,2238.2,
622.389348860167,2217.8,
623.952131427984,2170,
625.51464526044,2363.8,
627.07689042684,2226.2,
628.638866996473,2283.2,
630.200575038604,2377.4,
631.762014622474,2285.2,
633.323185817295,2391,
634.884088692269,2461.6,
636.444723316552,2641,
638.005089759297,2923.4,
639.565188089622,3238.6,
641.125018376624,3616,
642.68458068938,3827.8,
644.24387509694,3834.2,
645.802901668325,3865.8,
647.36166047254,3731.6,
648.920151578563,3430,
650.478375055351,3111.4,
652.036330971838,2651.8,
653.594019396925,2633.6,
655.151440399498,2440.8,
656.708594048419,2440.2,
658.265480412523,2349.8,
659.822099560623,2378.8,
661.378451561516,2383.2,
662.934536483958,2440,
664.490354396693,2362.4,
666.045905368441,2440.2,
667.6011894679,2433.8,
669.156206763736,2428.8,
670.710957324607,2328,
672.265441219125,2334.2,
673.819658515897,2319.8,
675.3736092835,2426.2,
676.927293590487,2288.4,
678.480711505394,2504.8,
680.033863096716,2383.2,
681.586748432945,2360.6,
683.139367582541,2389.2,
684.691720613934,2491,
686.243807595545,2411.4,
687.795628595762,2350.4,
689.347183682944,2371.6,
690.898472925439,2467,
692.449496391568,2469.8,
694.000254149623,2456.6,
695.550746267876,2389.6,
697.100972814584,2460.6,
698.650933857962,2454.2,
700.200629466217,2318.6,
701.750059707528,2352.2,
703.299224650048,2499,
704.848124361915,2441.4,
706.396758911236,2599.4,
707.945128366092,2707.4,
709.493232794547,2821.8,
711.041072264643,2910.4,
712.588646844393,2830.6,
714.135956601794,2902.8,
715.683001604808,2998.2,
717.229781921384,2964,
718.776297619446,2931.2,
720.322548766891,2884.8,
721.868535431597,2797.6,
723.414257681422,2656.8,
724.959715584185,2629,
726.504909207698,2671.2,
728.049838619744,2545.2,
729.594503888083,2535.2,
731.138905080452,2616.4,
732.68304226457,2524,
734.226915508119,2548.2,
735.770524878771,2628.8,
737.31387044417,2735.4,
738.856952271936,2695.2,
740.399770429668,2571.6,
741.942324984947,2647.4,
743.484616005316,2615.2,
745.026643558305,2669.4,
746.568407711424,2726.8,
748.109908532155,2693,
749.651146087959,2650.4,
751.192120446269,2762.2,
752.732831674498,2686.8,
754.273279840042,2762.6,
755.813465010263,2759.2,
757.353387252509,2653.8,
758.893046634106,2663.2,
760.432443222341,2789,
761.971577084499,2716.2,
763.510448287829,2702.6,
765.049056899562,2701,
766.587402986907,2692.8,
768.125486617047,2668.2,
769.663307857139,2709.4,
771.200866774323,2646.4,
772.738163435716,2638,
774.275197908409,2815,
775.811970259474,2640.4,
777.348480555952,2721.8,
778.884728864873,2706.6,
780.420715253232,2676.8,
781.956439788009,2694.8,
783.491902536162,2727,
785.027103564623,2799.8,
786.562042940297,2880,
788.096720730073,2904,
789.631137000815,2817.4,
791.165291819365,2968,
792.69918525254,3011.8,
794.232817367139,3034.8,
795.766188229931,2926.2,
797.299297907665,3153,
798.832146467073,3290,
800.364733974854,3417.8,
801.897060497695,3378.8,
803.429126102256,3584.4,
804.960930855167,3479.4,
806.492474823045,3564.4,
808.023758072482,3474.2,
809.554780670046,3529.2,
811.085542682284,3238.4,
812.616044175716,3410.2,
814.146285216845,3201.2,
815.676265872147,3299,
817.205986208078,3275.8,
818.735446291073,3280.6,
820.264646187541,3272,
821.793585963867,3346,
823.322265686415,3300.4,
824.850685421531,3408.4,
826.378845235534,3252.8,
827.906745194719,3374.8,
829.434385365366,3320.4,
830.961765813719,3383,
832.48888660601,3572.2,
834.01574780845,3456.8,
835.542349487219,3466,
837.068691708484,3469.2,
838.594774538383,3451.4,
840.120598043029,3420.4,
841.646162288517,3602,
843.171467340923,3492.6,
844.696513266296,3552,
846.221300130664,3557.8,
847.745828000028,3583,
849.270096940373,3657.4,
850.794107017656,3741.6,
852.317858297817,3849.2,
853.841350846774,3901.4,
855.364584730419,4006.8,
856.887560014617,4198.6,
858.410276765218,4276.8,
859.932735048051,4629,
861.454934928917,4834,
862.976876473598,5108.2,
864.498559747856,5425.2,
866.019984817419,5608.4,
867.541151748006,5467.8,
869.062060605307,5403.6,
870.582711454996,5343.4,
872.103104362718,4933.6,
873.623239394095,4755.4,
875.143116614732,4351.4,
876.662736090208,4220.8,
878.182097886083,4057.6,
879.701202067893,3970.6,
881.220048701155,3858.2,
882.738637851353,3792.2,
884.256969583958,3814.6,
885.77504396442,3794.4,
887.292861058164,3731.6,
888.810420930591,3737.4,
890.327723647086,3727.2,
891.844769273001,3754,
893.361557873676,3800,
894.878089514422,3702.4,
896.394364260536,3704.2,
897.910382177283,3751,
899.426143329918,3634.4,
900.941647783656,3625,
902.456895603709,3666.4,
903.971886855254,3823.6,
905.486621603454,3733.6,
907.001099913448,3785,
908.515321850344,3637.4,
910.02928747924,3534.8,
911.542996865208,3511.6,
913.056450073295,3631.4,
914.569647168528,3512.4,
916.082588215919,3508,
917.595273280441,3323.4,
919.107702427059,3472.8,
920.619875720715,3496.6,
922.131793226325,3431,
923.643455008783,3477.2,
925.154861132966,3302.6,
926.666011663718,3332.4,
928.176906665875,3454.4,
929.687546204242,3367.8,
931.197930343606,3337.8,
932.708059148731,3366.4,
934.21793268436,3519.6,
935.727551015209,3494.8,
937.236914205976,3504.2,
938.74602232134,3451.2,
940.254875425957,3456.6,
941.763473584459,3360,
943.27181686145,3495.8,
944.779905321528,3451.6,
946.287739029253,3429.4,
947.795318049173,3513,
949.302642445811,3373.6,
950.809712283675,3307.4,
952.316527627233,3366.8,
953.82308854095,3347.4,
955.329395089263,3464.4,
956.835447336584,3225.4,
958.341245347306,3511.4,
959.846789185806,3449.4,
961.352078916423,3382.4,
962.85711460349,3454,
964.361896311312,3373,
965.866424104175,3358,
967.37069804634,3408.2,
968.874718202052,3391.8,
970.378484635524,3486.2,
971.881997410956,3479.4,
973.385256592522,3512.8,
974.888262244378,3568,
976.39101443066,3427.8,
977.893513215474,3667.6,
979.395758662909,3587.6,
980.897750837034,3568.2,
982.399489801895,3505.2,
983.90097562152,3564.2,
985.40220835991,3566.2,
986.903188081041,3713.8,
988.403914848879,3704,
989.904388727359,3757,
991.404609780398,3679.4,
992.904578071894,3748.8,
994.404293665721,3764.6,
995.903756625725,3800.2,
997.40296701574,3772.8,
998.901924899576,3729.4,
1000.40063034102,3841.2,
1001.89908340384,3796.6,
1003.39728415178,3760.8,
1004.89523264856,3879.4,
1006.39292895788,3847.2,
1007.89037314342,3868.6,
1009.38756526885,3887.8,
1010.8845053978,3905,
1012.38119359389,3911.8,
1013.8776299207,4040.2,
1015.37381444182,3851.2,
1016.86974722079,3856,
1018.36542832115,3940,
1019.86085780641,3952.4,
1021.35603574005,3895.6,
1022.85096218553,3872.2,
1024.34563720631,4030.2,
1025.8400608658,3926.8,
1027.33423322742,3930.6,
1028.82815435454,3986.4,
1030.32182431051,3875.4,
1031.81524315869,4071.4,
1033.30841096238,3864.6,
1034.80132778488,3910.4,
1036.29399368946,3959.2,
1037.78640873939,3882.4,
1039.27857299788,4007.6,
1040.77048652816,4066.4,
1042.26214939341,3975.6,
1043.7535616568,3965.2,
1045.24472338147,3935.6,
1046.73563463056,3843.6,
1048.22629546716,3994.2,
1049.71670595436,4031,
1051.20686615522,3872.6,
1052.69677613278,3936.4,
1054.18643595008,3977.6,
1055.67584567009,4078.8,
1057.1650053558,3959.4,
1058.65391507016,3893.4,
1060.14257487612,3943.6,
1061.63098483657,3851.8,
1063.11914501444,4046,
1064.60705547256,3948.4,
1066.09471627381,3961.8,
1067.58212748101,4038.8,
1069.06928915697,4020.4,
1070.55620136447,3955.2,
1072.04286416629,4196.8,
1073.52927762517,3882,
1075.01544180382,4033.6,
1076.50135676497,4100.4,
1077.98702257128,4181.4,
1079.47243928543,4147.4,
1080.95760697004,4212.6,
1082.44252568774,4128.8,
1083.92719550113,4293.4,
1085.41161647278,4347.2,
1086.89578866526,4170.4,
1088.3797121411,4261.8,
1089.8633869628,4336.8,
1091.34681319287,4491.8,
1092.82999089378,4493.4,
1094.31292012797,4478.8,
1095.79560095789,4742.6,
1097.27803344594,4858.4,
1098.7602176545,5034,
1100.24215364595,4943.2,
1101.72384148263,5228.8,
1103.20528122687,5076.8,
1104.68647294098,5147.4,
1106.16741668723,5296.4,
1107.6481125279,5148.4,
1109.12856052523,5075.4,
1110.60876074143,5100.4,
1112.08871323871,5034.4,
1113.56841807925,5165.6,
1115.04787532521,4964.2,
1116.52708503873,5212.6,
1118.00604728192,5366.8,
1119.48476211688,5242.2,
1120.96322960569,5185.4,
1122.44144981041,5303.8,
1123.91942279306,5281.2,
1125.39714861567,5442.8,
1126.87462734023,5443.8,
1128.3518590287,5332.4,
1129.82884374305,5245.2,
1131.30558154519,5027,
1132.78207249705,5026.8,
1134.25831666051,4785.8,
1135.73431409744,4833.8,
1137.2100648697,4890,
1138.6855690391,4801,
1140.16082666745,4622.2,
1141.63583781655,4599.4,
1143.11060254815,4627.8,
1144.585120924,4589.2,
1146.05939300583,4513.2,
1147.53341885535,4609.8,
1149.00719853422,4444.4,
1150.48073210412,4458.2,
1151.95401962669,4513.6,
1153.42706116355,4447.6,
1154.8998567763,4329.6,
1156.37240652652,4350.2,
1157.84471047577,4255,
1159.31676868559,4276.8,
1160.7885812175,4271.4,
1162.260148133,4337.2,
1163.73146949357,4429.4,
1165.20254536065,4382,
1166.6733757957,4493.6,
1168.14396086011,4382,
1169.6143006153,4342.6,
1171.08439512263,4534.2,
1172.55424444347,4484.2,
1174.02384863914,4631,
1175.49320777095,4667.2,
1176.96232190021,4853.2,
1178.43119108818,4922.6,
1179.89981539612,4809.4,
1181.36819488526,4949,
1182.83632961681,5015.6,
1184.30421965196,5099,
1185.77186505188,5133.2,
1187.23926587772,5105,
1188.70642219062,5085.2,
1190.17333405168,4939.8,
1191.640001522,4980.4,
1193.10642466263,4961.2,
1194.57260353463,4729.8,
1196.03853819903,4822.2,
1197.50422871684,4741.6,
1198.96967514904,4800,
1200.4348775566,4717.4,
1201.89983600047,4484.4,
1203.36455054158,4671.6,
1204.82902124082,4660.8,
1206.29324815909,4698.2,
1207.75723135726,4763.8,
1209.22097089616,4625.2,
1210.68446683663,4515.6,
1212.14771923947,4757,
1213.61072816546,4546.6,
1215.07349367537,4804.4,
1216.53601582994,4674.6,
1217.9982946899,4689.4,
1219.46033031595,4748.6,
1220.92212276878,4648.4,
1222.38367210905,4564,
1223.8449783974,4733,
1225.30604169445,4544.4,
1226.76686206082,4649.2,
1228.22743955707,4527.8,
1229.68777424379,4690.6,
1231.1478661815,4841.6,
1232.60771543073,4717,
1234.06732205198,4796.4,
1235.52668610574,4721.2,
1236.98580765246,4705,
1238.4446867526,4693.6,
1239.90332346657,4736.6,
1241.36171785477,4859.2,
1242.81986997758,4917,
1244.27777989538,4943,
1245.73544766849,4950.8,
1247.19287335724,4959,
1248.65005702195,5048.8,
1250.10699872287,5017.4,
1251.56369852028,5065,
1253.02015647442,4968.8,
1254.4763726455,5058.2,
1255.93234709375,5116.4,
1257.38807987932,5070.6,
1258.84357106239,5119,
1260.29882070309,5114.4,
1261.75382886156,5264.8,
1263.20859559788,5399.2,
1264.66312097215,5481,
1266.11740504443,5480,
1267.57144787475,5584.4,
1269.02524952314,5669.4,
1270.4788100496,5762,
1271.93212951411,5889.4,
1273.38520797664,5968.6,
1274.83804549713,6173.2,
1276.2906421355,6218.2,
1277.74299795166,6175.8,
1279.19511300548,6557.2,
1280.64698735683,6747.6,
1282.09862106556,6907.2,
1283.55001419148,6996,
1285.00116679441,7028.8,
1286.45207893411,7334.2,
1287.90275067037,7545.4,
1289.35318206292,7614.4,
1290.80337317149,7795.2,
1292.25332405577,7988.6,
1293.70303477547,7843.8,
1295.15250539023,7875.4,
1296.60173595971,7912.6,
1298.05072654354,7961.8,
1299.49947720131,7827.2,
1300.94798799262,7396.6,
1302.39625897702,7278.8,
1303.84429021408,7010,
1305.2920817633,6744.4,
1306.73963368422,6765.2,
1308.18694603629,6472.4,
1309.63401887901,6491.6,
1311.0808522718,6403,
1312.52744627411,6331.2,
1313.97380094535,6354.8,
1315.41991634489,6202,
1316.86579253211,6046.4,
1318.31142956636,5860,
1319.75682750698,5922.2,
1321.20198641326,5903.4,
1322.64690634451,5801.6,
1324.09158735999,5718.8,
1325.53602951895,5560.2,
1326.98023288063,5504,
1328.42419750424,5622,
1329.86792344897,5452.6,
1331.311410774,5260,
1332.75465953848,5382.4,
1334.19766980154,5487.2,
1335.64044162231,5282.6,
1337.08297505986,5448.6,
1338.52527017329,5295.6,
1339.96732702164,5308.8,
1341.40914566396,5381.8,
1342.85072615925,5208.2,
1344.29206856652,5380,
1345.73317294475,5395.6,
1347.1740393529,5397.2,
1348.6146678499,5424.4,
1350.05505849467,5184,
1351.49521134611,5263.2,
1352.93512646311,5270,
1354.37480390453,5315.6,
1355.81424372921,5341.2,
1357.25344599596,5384.6,
1358.69241076361,5484.2,
1360.13113809091,5318.8,
1361.56962803665,5316.6,
1363.00788065957,5525.8,
1364.4458960184,5481.8,
1365.88367417183,5330.8,
1367.32121517856,5208,
1368.75851909725,5390.6,
1370.19558598655,5452.2,
1371.6324159051,5473.2,
1373.06900891149,5521,
1374.50536506433,5704.2,
1375.94148442218,5564.4,
1377.37736704358,5506,
1378.81301298709,5495.2,
1380.2484223112,5408,
1381.68359507442,5471.8,
1383.11853133521,5627.2,
1384.55323115203,5559.6,
1385.98769458331,5579.4,
1387.42192168749,5476.6,
1388.85591252294,5493.6,
1390.28966714805,5467.6,
1391.72318562118,5498.4,
1393.15646800067,5468.6,
1394.58951434484,5446.4,
1396.02232471198,5486,
1397.45489916039,5513.4,
1398.88723774832,5632,
1400.31934053402,5533.6,
1401.75120757571,5564.2,
1403.1828389316,5573,
1404.61423465987,5683.8,
1406.04539481869,5622.4,
1407.47631946621,5544.8,
1408.90700866056,5812,
1410.33746245985,5856.6,
1411.76768092216,5875.6,
1413.19766410557,6004.6,
1414.62741206814,6234,
1416.05692486788,6121.4,
1417.48620256283,6143.6,
1418.91524521097,6044.6,
1420.34405287028,5995.4,
1421.77262559871,6013.4,
1423.20096345421,6052.4,
1424.62906649469,5958.6,
1426.05693477805,5956,
1427.48456836218,5926.4,
1428.91196730493,5849.8,
1430.33913166415,5633.2,
1431.76606149765,5677.4,
1433.19275686326,5778.2,
1434.61921781874,5802.2,
1436.04544442188,5979.8,
1437.4714367304,5852.6,
1438.89719480206,5915.8,
1440.32271869454,5863,
1441.74800846555,5885,
1443.17306417276,6006,
1444.59788587382,6005.2,
1446.02247362636,5946,
1447.44682748799,6059.4,
1448.87094751633,6191.8,
1450.29483376893,6123.6,
1451.71848630336,6085.2,
1453.14190517716,6065.4,
1454.56509044786,6271.8,
1455.98804217294,6118.6,
1457.41076040989,6282.4,
1458.83324521619,6249.4,
1460.25549664927,6235.8,
1461.67751476655,6135.2,
1463.09929962546,6272.4,
1464.52085128337,6291,
1465.94216979765,6229.4,
1467.36325522566,6186.8,
1468.78410762473,6160.2,
1470.20472705217,6191,
1471.62511356527,6156,
1473.04526722131,6212.6,
1474.46518807756,6049,
1475.88487619123,6072.8,
1477.30433161957,6102.4,
1478.72355441976,5832.2,
1480.14254464899,5892.8,
1481.56130236442,5926.2,
1482.97982762319,5775,
1484.39812048244,5931.2,
1485.81618099926,5851.4,
1487.23400923075,5955.2,
1488.65160523398,5835.4,
1490.068969066,5953.4,
1491.48610078383,5876.4,
1492.90300044449,5939.4,
1494.31966810499,5757,
1495.73610382229,5896,
1497.15230765334,5886.6,
1498.5682796551,6125.8,
1499.98401988448,5932.8,
1501.39952839838,5872.4,
1502.81480525369,5987,
1504.22985050726,5920.6,
1505.64466421595,5956.2,
1507.05924643658,6100.6,
1508.47359722596,5999.8,
1509.88771664088,6016.6,
1511.30160473812,6172.4,
1512.71526157442,6039,
1514.12868720652,6123.8,
1515.54188169113,5967.6,
1516.95484508495,5932.4,
1518.36757744467,6076.8,
1519.78007882693,6079,
1521.19234928839,6076.4,
1522.60438888566,6127.6,
1524.01619767535,6245,
1525.42777571405,6105.6,
1526.83912305832,6003,
1528.25023976471,6122.2,
1529.66112588976,6137.4,
1531.07178148996,6140.2,
1532.48220662183,6019.6,
1533.89240134183,5964.6,
1535.30236570642,6095,
1536.71209977204,6163.8,
1538.12160359511,6211.4,
1539.53087723202,6299.4,
1540.93992073917,6109.6,
1542.34873417292,6324.2,
1543.75731758961,6211,
1545.16567104557,6354,
1546.57379459711,6279.8,
1547.98168830052,6223.2,
1549.38935221208,6198.4,
1550.79678638803,6228.2,
1552.20399088462,6265.4,
1553.61096575806,6315.2,
1555.01771106455,6377,
1556.42422686027,6492,
1557.83051320138,6324.6,
1559.23657014404,6348.2,
1560.64239774436,6395.8,
1562.04799605844,6361.2,
1563.45336514239,6139.4,
1564.85850505227,6368,
1566.26341584414,6358.6,
1567.66809757403,6502.6,
1569.07255029795,6324.2,
1570.4767740719,6412.6,
1571.88076895187,6458.4,
1573.28453499381,6547.8,
1574.68807225366,6359,
1576.09138078737,6398,
1577.49446065081,6488.4,
1578.8973118999,6527.2,
1580.29993459049,6406.4,
1581.70232877844,6606.6,
1583.10449451959,6532.4,
1584.50643186974,6536.6,
1585.9081408847,6583.8,
1587.30962162024,6518.6,
1588.71087413213,6863,
1590.11189847612,6704.8,
1591.51269470791,6635.2,
1592.91326288323,6768.6,
1594.31360305776,6893,
1595.71371528716,6793.6,
1597.1135996271,6900,
1598.51325613321,7124.4,
1599.9126848611,7329.6,
1601.31188586637,7516.2,
1602.7108592046,7620.6,
1604.10960493135,8251,
1605.50812310216,8522.6,
1606.90641377257,9331.4,
1608.30447699808,10036.8,
1609.70231283418,11366.8,
1611.09992133634,12756.2,
1612.49730256001,14192.2,
1613.89445656062,15806.6,
1615.29138339361,17179.2,
1616.68808311436,17879.6,
1618.08455577826,17603.4,
1619.48080144067,17271,
1620.87682015693,15851.8,
1622.27261198238,14001.4,
1623.66817697232,12288.6,
1625.06351518204,10732,
1626.45862666682,9306.4,
1627.85351148191,8448.6,
1629.24816968255,8105.2,
1630.64260132396,7633,
1632.03680646135,7322.4,
1633.43078514988,7109.8,
1634.82453744474,7058,
1636.21806340107,7065.4,
1637.61136307399,7060.2,
1639.00443651862,6857.4,
1640.39728379007,7069.8,
1641.78990494339,6929.8,
1643.18230003364,6934.2,
1644.57446911588,6877.8,
1645.96641224512,6832.2,
1647.35812947637,6767.2,
1648.74962086461,6832.2,
1650.14088646481,6850,
1651.53192633193,6859.6,
1652.9227405209,6817,
1654.31332908662,6863,
1655.70369208402,6701.2,
1657.09382956795,6876.6,
1658.48374159328,6745.8,
1659.87342821486,6733.6,
1661.26288948751,6908.2,
1662.65212546605,7008.8,
1664.04113620526,6887.4,
1665.42992175992,7024,
1666.81848218477,6851.8,
1668.20681753457,6985.8,
1669.59492786403,6781.4,
1670.98281322785,6903.4,
1672.37047368072,6832.8,
1673.7579092773,7111.8,
1675.14512007225,6812,
1676.53210612019,6931.8,
1677.91886747573,6924.4,
1679.30540419348,7041,
1680.69171632802,7107.8,
1682.07780393389,6903.2,
1683.46366706565,6952.4,
1684.84930577782,7090.2,
1686.23472012491,7156.8,
1687.61991016141,7013.6,
1689.00487594179,7112.2,
1690.3896175205,7177.6,
1691.77413495199,7107.8,
1693.15842829067,7123,
1694.54249759094,7208.4,
1695.9263429072,7243.2,
1697.30996429379,7074.4,
1698.69336180508,7214,
1700.0765354954,7174.4,
1701.45948541905,7153.8,
1702.84221163034,7399.6,
1704.22471418355,7332.2,
1705.60699313293,7281,
1706.98904853273,7331.8,
1708.37088043717,7671,
1709.75248890046,7726.6,
1711.13387397681,7911.8,
1712.51503572037,8110.2,
1713.8959741853,8223.2,
1715.27668942574,8615.2,
1716.65718149582,9209.4,
1718.03745044964,9627,
1719.41749634128,10130.4,
1720.79731922481,10644.4,
1722.17691915428,11368.2,
1723.55629618373,12016.8,
1724.93545036717,12236.8,
1726.3143817586,12477.2,
1727.693090412,12837.4,
1729.07157638134,13011,
1730.44983972056,12900,
1731.82788048359,12879.6,
1733.20569872434,12701.8,
1734.58329449672,12264.2,
1735.96066785458,11770.4,
1737.3378188518,11517.4,
1738.71474754221,11069,
1740.09145397964,10869.4,
1741.46793821789,10468.2,
1742.84420031076,10066.4,
1744.22024031202,9694,
1745.59605827543,9368.6,
1746.97165425471,8763.6,
1748.34702830359,8549.8,
1749.72218047578,8551.4,
1751.09711082496,8139.8,
1752.4718194048,8123.2,
1753.84630626895,7971.2,
1755.22057147104,7811.4,
1756.59461506469,7813.2,
1757.9684371035,7687,
1759.34203764105,7628.4,
1760.71541673091,7531.4,
1762.08857442662,7520,
1763.46151078171,7469.6,
1764.8342258497,7431.6,
1766.20671968408,7496.2,
1767.57899233833,7500,
1768.95104386592,7449,
1770.32287432027,7416.4,
1771.69448375483,7408.6,
1773.065872223,7122.6,
1774.43703977817,7415,
1775.80798647373,7228.4,
1777.17871236301,7402.6,
1778.54921749938,7361.6,
1779.91950193614,7427.6,
1781.28956572661,7311.8,
1782.65940892408,7254.6,
1784.02903158182,7447.6,
1785.39843375308,7282,
1786.76761549109,7398.4,
1788.13657684909,7427.6,
1789.50531788028,7370.2,
1790.87383863783,7308.2,
1792.24213917493,7444.2,
1793.61021954471,7376.8,
1794.97807980033,7259.4,
1796.34571999489,7456.2,
1797.71314018149,7457.4,
1799.08034041323,7312.8,
1800.44732074316,7233.4,
1801.81408122433,7402.6,
1803.18062190979,7442.4,
1804.54694285253,7492.4,
1805.91304410557,7279,
1807.27892572189,7438.4,
1808.64458775444,7310.4,
1810.01003025617,7364.2,
1811.37525328002,7264,
1812.7402568789,7340,
1814.1050411057,7328.2,
1815.46960601331,7351.8,
1816.83395165458,7409.2,
1818.19807808236,7388.4,
1819.56198534949,7361.6,
1820.92567350877,7393.2,
1822.28914261299,7220.4,
1823.65239271493,7366,
1825.01542386735,7365.2,
1826.37823612301,7374,
1827.74082953461,7534.6,
1829.10320415489,7370.4,
1830.46536003651,7386.2,
1831.82729723216,7417.8,
1833.18901579451,7450.4,
1834.55051577619,7594.8,
1835.91179722982,7436,
1837.27286020802,7577.4,
1838.63370476338,7367.6,
1839.99433094847,7403.4,
1841.35473881584,7307.6,
1842.71492841805,7576.6,
1844.07489980761,7378.6,
1845.43465303703,7469.6,
1846.79418815879,7458.2,
1848.15350522539,7561.8,
1849.51260428926,7519,
1850.87148540285,7484.6,
1852.23014861858,7478.2,
1853.58859398886,7480.4,
1854.94682156608,7577.2,
1856.30483140261,7517.8,
1857.6626235508,7479.2,
1859.020198063,7551.2,
1860.37755499152,7622.4,
1861.73469438868,7406.2,
1863.09161630675,7481.4,
1864.44832079802,7522.6,
1865.80480791473,7586.6,
1867.16107770913,7514.6,
1868.51713023344,7551.4,
1869.87296553985,7738,
1871.22858368056,7627.4,
1872.58398470775,7469.4,
1873.93916867356,7525.4,
1875.29413563013,7572.4,
1876.64888562959,7570,
1878.00341872404,7529.6,
1879.35773496556,7772.4,
1880.71183440623,7607,
1882.0657170981,7753.4,
1883.41938309322,7599.6,
1884.7728324436,7741.2,
1886.12606520124,7751.8,
1887.47908141813,7688.2,
1888.83188114625,7754.2,
1890.18446443755,7772.2,
1891.53683134397,7562.8,
1892.88898191743,7767,
1894.24091620983,7714.2,
1895.59263427307,7570.6,
1896.944136159,7671.4,
1898.2954219195,7745.8,
1899.6464916064,7872,
1900.99734527151,7573.2,
1902.34798296665,7699.2,
1903.69840474359,7733,
1905.04861065413,7743.6,
1906.39860075001,7710,
1907.74837508296,7890,
1909.09793370472,7646.6,
1910.44727666698,7632,
1911.79640402145,7671.2,
1913.14531581978,7599.8,
1914.49401211364,7905.8,
1915.84249295467,7880.2,
1917.19075839449,7725.8,
1918.53880848471,7927.2,
1919.88664327691,7764.4,
1921.23426282268,7794.8,
1922.58166717356,7765,
1923.92885638111,7663.4,
1925.27583049684,7807.6,
1926.62258957226,7783.2,
1927.96913365887,7867,
1929.31546280814,7937,
1930.66157707153,7758.6,
1932.00747650047,7884,
1933.35316114641,7847.6,
1934.69863106074,7881.6,
1936.04388629486,7736.6,
1937.38892690015,7728.8,
1938.73375292796,7812.8,
1940.07836442965,7789.4,
1941.42276145653,7712.8,
1942.76694405993,7766.4,
1944.11091229113,7799.8,
1945.45466620141,7651.2,
1946.79820584204,7756.8,
1948.14153126425,7896,
1949.48464251929,7994,
1950.82753965836,7900.4,
1952.17022273267,7702.4,
1953.51269179338,7956.8,
1954.85494689167,7861.8,
1956.19698807868,7840,
1957.53881540555,7900,
1958.88042892338,8017.6,
1960.22182868328,7818,
1961.56301473634,7752,
1962.90398713361,7971.8,
1964.24474592615,7697,
1965.585291165,7935,
1966.92562290116,7897,
1968.26574118564,7993.8,
1969.59825436065,7868.6,
1970.93055653328,7925.6,
1972.26264775363,7963,
1973.59452807181,7916,
1974.9261975379,7778,
1976.25765620198,7877.8,
1977.58890411407,7952.8,
1978.91994132424,8057.8,
1980.25076788248,8268,
1981.58138383881,7910.4,
1982.91178924321,7902.8,
1984.24198414566,8154.6,
1985.5719685961,7915,
1986.90174264449,7834.8,
1988.23130634074,7887.8,
1989.56065973476,7925.6,
1990.88980287644,7945.2,
1992.21873581567,7806.2,
1993.5474586023,8198,
1994.87597128617,8131.8,
1996.20427391712,8167.8,
1997.53236654497,8110,
1998.8602492195,8112.6,
2000.1879219905,8005.2,
2001.51538490774,8092.2,
2002.84263802097,8086,
2004.16968137992,8150,
2005.49651503431,8157.8,
2006.82313903385,8214.4,
2008.14955342822,8238,
2009.4757582671,8221.6,
2010.80175360014,8155.4,
2012.12753947698,8097.8,
2013.45311594726,8226.4,
2014.77848306056,8123.2,
2016.1036408665,8164.6,
2017.42858941465,8057.2,
2018.75332875458,8019.2,
2020.07785893581,8304.8,
2021.40218000791,8364.2,
2022.72629202036,8239.8,
2024.05019502268,8138.4,
2025.37388906435,8124.4,
2026.69737419484,8389.6,
2028.0206504636,8249.8,
2029.34371792006,8269.8,
2030.66657661366,8194.8,
2031.98922659379,8165.4,
2033.31166790985,8248.8,
2034.63390061121,8205.2,
2035.95592474724,8235.8,
2037.27774036727,8344.6,
2038.59934752063,8166,
2039.92074625664,8195.2,
2041.2419366246,8210,
2042.56291867377,8106.8,
2043.88369245345,8188.8,
2045.20425801286,8261.8,
2046.52461540125,8253.4,
2047.84476466783,8203.6,
2049.16470586182,8208,
2050.4844390324,8267.2,
2051.80396422874,8235,
2053.1232815,8239.4,
2054.44239089532,8198.8,
2055.76129246383,8249.8,
2057.07998625463,8148.4,
2058.39847231684,8193.8,
2059.71675069952,8254.4,
2061.03482145174,8174.2,
2062.35268462254,8237.6,
2063.67034026098,8188.4,
2064.98778841605,8272.2,
2066.30502913677,8470.2,
2067.62206247211,8248.4,
2068.93888847106,8134.4,
2070.25550718257,8205.2,
2071.57191865559,8279.8,
2072.88812293903,8285.8,
2074.20412008181,8387,
2075.51991013282,8372.8,
2076.83549314094,8221.8,
2078.15086915504,8126.8,
2079.46603822396,8346.2,
2080.78100039655,8271,
2082.0957557216,8201,
2083.41030424795,8225.8,
2084.72464602435,8241.2,
2086.0387810996,8560.4,
2087.35270952244,8372.6,
2088.66643134162,8495.4,
2089.97994660586,8328,
2091.29325536388,8300.4,
2092.60635766437,8269.2,
2093.919253556,8346.4,
2095.23194308746,8379.6,
2096.54442630737,8514,
2097.85670326439,8426.4,
2099.16877400711,8506.4,
2100.48063858417,8450.8,
2101.79229704413,8227,
2103.10374943557,8266,
2104.41499580706,8399.2,
2105.72603620712,8267.4,
2107.0368706843,8287,
2108.3474992871,8310.6,
2109.65792206402,8359.6,
2110.96813906354,8399.6,
2112.27815033413,8521.6,
2113.58795592424,8473.6,
2114.8975558823,8435,
2116.20695025674,8552.8,
2117.51613909596,8473.6,
2118.82512244834,8422.4,
2120.13390036228,8587,
2121.44247288612,8350.2,
2122.75084006822,8573.8,
2124.0590019569,8425,
2125.36695860047,8612.4,
2126.67471004724,8419.6,
2127.98225634548,8659.8,
2129.28959754348,8555.4,
2130.59673368948,8597.4,
2131.90366483171,8381,
2133.21039101842,8473,
2134.51691229779,8508.8,
2135.82322871804,8603.4,
2137.12934032732,8575.2,
2138.43524717382,8527.8,
2139.74094930567,8650,
2141.04644677101,8737.2,
2142.35173961796,8577.8,
2143.65682789462,8643.4,
2144.96171164908,8582,
2146.2663909294,8477.4,
2147.57086578366,8489.8,
2148.87513625988,8631.2,
2150.17920240611,8681.4,
2151.48306427034,8601.2,
2152.78672190058,8606.6,
2154.09017534481,8758.6,
2155.393424651,8482.2,
2156.6964698671,8625.4,
2157.99931104105,8616.4,
2159.30194822076,8721.6,
2160.60438145415,8690.2,
2161.90661078912,8752.6,
2163.20863627352,8501,
2164.51045795524,8736.6,
2165.81207588211,8495.2,
2167.11349010198,8736.6,
2168.41470066264,8529.8,
2169.71570761192,8637.4,
2171.01651099758,8689.6,
2172.31711086742,8659.4,
2173.61750726918,8646.2,
2174.91770025062,8796.6,
2176.21768985944,8740.6,
2177.51747614338,8685.6,
2178.81705915012,8606.8,
2180.11643892736,8715,
2181.41561552275,8681.2,
2182.71458898394,8696.8,
2184.01335935859,8650,
2185.31192669431,8665.4,
2186.61029103871,8767.4,
2187.90845243939,8596.4,
2189.20641094391,8681.8,
2190.50416659986,8597,
2191.80171945476,8748,
2193.09906955617,8735.6,
2194.3962169516,8712.4,
2195.69316168854,8715.6,
2196.9899038145,8747,
2198.28644337695,8947.4,
2199.58278042334,8631.6,
2200.87891500113,8695.8,
2202.17484715774,8892.6,
2203.47057694058,8742.6,
2204.76610439706,8806.8,
2206.06142957456,8646.6,
2207.35655252046,8860.4,
2208.65147328211,8770.2,
2209.94619190685,8683.4,
2211.24070844202,8764.4,
2212.53502293491,8824.2,
2213.82913543283,8735.2,
2215.12304598305,8720.8,
2216.41675463286,8791,
2217.7102614295,8708.4,
2219.0035664202,8783.4,
2220.2966696522,8886.2,
2221.5895711727,8860.2,
2222.88227102888,9041.2,
2224.17476926795,8833,
2225.46706593705,8977.4,
2226.75916108334,8892,
2228.05105475395,8955.8,
2229.342746996,8939,
2230.6342378566,8899.6,
2231.92552738284,8862.8,
2233.2166156218,9111.4,
2234.50750262053,8906,
2235.79818842609,8879.4,
2237.0886730855,8969.8,
2238.37895664579,8947.6,
2239.66903915395,8922.4,
2240.95892065698,9076.8,
2242.24860120185,8801.4,
2243.53808083552,8802.8,
2244.82735960492,8901.2,
2246.116437557,8981.6,
2247.40531473867,9021,
2248.69399119682,8980.2,
2249.98246697835,9022.8,
2251.27074213011,8986.8,
2252.55881669899,8980.4,
2253.8466907318,8843.6,
2255.13436427539,9094.6,
2256.42183737656,8802.4,
2257.70911008212,9115,
2258.99618243884,8954.6,
2260.28305449349,8963,
2261.56972629283,9003.8,
2262.85619788361,8799.2,
2264.14246931254,8934.4,
2265.42854062634,9080,
2266.7144118717,9056.4,
2268.00008309531,9010.6,
2269.28555434383,8927.6,
2270.57082566392,9140.8,
2271.85589710221,9083.8,
2273.14076870533,9120.2,
2274.42544051989,9048.2,
2275.70991259248,9075.6,
2276.99418496968,9071.6,
2278.27825769806,9265.2,
2279.56213082418,9035.4,
2280.84580439456,9081.4,
2282.12927845573,9060.4,
2283.4125530542,9031.4,
2284.69562823647,9137.8,
2285.978504049,9142,
2287.26118053827,9115.4,
2288.54365775073,8950.2,
2289.82593573281,9249.6,
2291.10801453094,9218.6,
2292.38989419151,9117.6,
2293.67157476093,9123.6,
2294.95305628557,9266.8,
2296.2343388118,8924,
2297.51542238596,9272.8,
2298.7963070544,9285,
2300.07699286342,8988.8,
2301.35747985934,9275.2,
2302.63776808845,9128.4,
2303.91785759703,9130.8,
2305.19774843134,9075.2,
2306.47744063763,9017.6,
2307.75693426212,9071,
2309.03622935105,9107.6,
2310.31532595062,9086.8,
2311.59422410702,9217,
2312.87292386643,9145.4,
2314.15142527501,9204.2,
2315.42972837891,9144.8,
2316.70783322426,9135.4,
2317.98573985718,9322.4,
2319.26344832378,9021.2,
2320.54095867015,8993.6,
2321.81827094236,9073,
2323.09538518649,9126.2,
2324.37230144857,9219.6,
2325.64901977464,9214.6,
2326.92554021073,9172.2,
2328.20186280283,9077.8,
2329.47798759694,9171.2,
2330.75391463903,9097.2,
2332.02964397507,9296.8,
2333.30517565101,9092.4,
2334.58050971278,9367.4,
2335.85564620629,9308.8,
2337.13058517747,9129,
2338.40532667219,9135.2,
2339.67987073634,9103,
2340.95421741578,9167.6,
2342.22836675636,9307.2,
2343.5023188039,9232.4,
2344.77607360424,9276.4,
2346.04963120318,9326.4,
2347.32299164651,9191.8,
2348.59615498002,9473.2,
2349.86912124945,9477.8,
2351.14189050057,9274.4,
2352.41446277911,9296.4,
2353.68683813079,9222,
2354.95901660131,9345.6,
2356.23099823638,9360,
2357.50278308166,9288.8,
2358.77437118283,9207.8,
2360.04576258554,9109.4,
2361.31695733542,9181.6,
2362.58795547809,9487.6,
2363.85875705916,9386.4,
2365.12936212423,9196.2,
2366.39977071888,9267.4,
2367.66998288867,9188,
2368.93999867915,9299.4,
2370.20981813588,9178,
2371.47944130435,9448,
2372.74886823009,9358.2,
2374.0180989586,9433.6,
2375.28713353535,9248.6,
2376.5559720058,9393,
2377.82461441543,9271.2,
2379.09306080966,9219.4,
2380.36131123392,9269.2,
2381.62936573362,9235.8,
2382.89722435416,9362.4,
2384.16488714091,9253.6,
2385.43235413926,9229.6,
2386.69962539456,9225.8,
2387.96670095214,9238.2,
2389.23358085734,9323.6,
2390.50026515547,9299.2,
2391.76675389183,9402.4,
2393.03304711169,9416.8,
2394.29914486034,9273.8,
2395.56504718303,9599.6,
2396.83075412501,9523.4,
2398.0962657315,9330.8,
2399.36158204772,9549,
2400.62670311888,9501,
2401.89162899015,9231.2,
2403.15635970671,9466,
2404.42089531373,9465.6,
2405.68523585634,9326,
2406.94938137968,9298.6,
2408.21333192887,9515.2,
2409.47708754901,9284.8,
2410.74064828519,9454.4,
2412.00401418249,9212,
2413.26718528598,9336,
2414.53016164068,9309.2,
2415.79294329165,9142.8,
2417.05553028391,9478.6,
2418.31792266245,9192.8,
2419.58012047228,9357.4,
2420.84212375837,9527.4,
2422.10393256568,9516.6,
2423.36554693918,9469.4,
2424.62696692378,9363.4,
2425.88819256443,9535,
2427.14922390603,9531.8,
2428.41006099347,9387.4,
2429.67070387164,9265.6,
2430.9311525854,9482,
2432.19140717961,9524.2,
2433.45146769911,9225,
2434.71133418873,9430.2,
2435.97100669328,9417.4,
2437.23048525756,9174.8,
2438.48976992634,9291.6,
2439.74886074442,9337.8,
2441.00775775654,9317.2,
2442.26646100745,9471,
2443.52497054187,9393.2,
2444.78328640453,9297.4,
2446.04140864013,9352.2,
2447.29933729335,9495.4,
2448.55707240887,9594.2,
2449.81461403136,9392,
2451.07196220545,9460.6,
2452.3291169758,9478.2,
2453.586078387,9481.8,
2454.84284648368,9387,
2456.09942131042,9370,
2457.3558029118,9555.8,
2458.61199133239,9507.4,
2459.86798661674,9222.2,
2461.12378880939,9226.6,
2462.37939795486,9371.8,
2463.63481409767,9521.6,
2464.8900372823,9497.6,
2466.14506755325,9605.8,
2467.39990495498,9490.6,
2468.65454953196,9612.6,
2469.9090013286,9519.8,
2471.16326038936,9459.2,
2472.41732675865,9645.2,
2473.67120048086,9433.2,
2474.92488160038,9534.6,
2476.17837016159,9355.8,
2477.43166620885,9449.6,
2478.6847697865,9662,
2479.93768093889,9564.2,
2481.19039971031,9538.4,
2482.4429261451,9461.6,
2483.69526028752,9263.8,
2484.94740218188,9650.2,
2486.19935187242,9456.6,
2487.4511094034,9497.8,
2488.70267481906,9318.8,
2489.95404816362,9550.8,
2491.2052294813,9614,
2492.45621881629,9588.6,
2493.70701621277,9679.8,
2494.95762171492,9498.4,
2496.2080353669,9477.8,
2497.45825721283,9331.8,
2498.70828729686,9389.8,
2499.9581256631,9754.8,
2501.20777235565,9673,
2502.4572274186,9609,
2503.70649089604,9603.6,
2504.955562832,9357.4,
2506.20444327056,9493.4,
2507.45313225574,9521.6,
2508.70162983156,9554.8,
2509.94993604203,9670.8,
2511.19805093115,9391.4,
2512.44597454289,9660.8,
2513.69370692122,9543.2,
2514.94124811011,9599.8,
2516.18859815348,9487.4,
2517.43575709527,9531.2,
2518.68272497938,9657.8,
2519.92950184973,9581.4,
2521.17608775018,9652,
2522.42248272463,9556.8,
2523.66868681692,9428.8,
2524.91470007091,9501.6,
2526.16052253043,9575.4,
2527.40615423929,9531.2,
2528.6515952413,9554.6,
2529.89684558027,9607,
2531.14190529995,9485.8,
2532.38677444412,9504.8,
2533.63145305654,9700.8,
2534.87594118094,9552.8,
2536.12023886105,9590.2,
2537.36434614057,9741.4,
2538.60826306322,9550,
2539.85198967266,9365,
2541.09552601259,9535.8,
2542.33887212665,9524.2,
2543.58202805849,9483.6,
2544.82499385174,9600.2,
2546.06776955002,9877.6,
2547.31035519694,9838,
2548.55275083609,9600.2,
2549.79495651104,9459.4,
2551.03697226537,9498.6,
2552.27879814262,9725.2,
2553.52043418634,9448.4,
2554.76188044005,9759.2,
2556.00313694725,9412,
2557.24420375146,9526,
2558.48508089615,9505.8,
2559.7257684248,9595,
2560.96626638086,9529.6,
2562.20657480779,9630.6,
2563.44669374901,9547.6,
2564.68662324795,9482.4,
2565.926363348,9526.6,
2567.16591409257,9587.6,
2568.40527552503,9786.2,
2569.64444768875,9639,
2570.88343062708,9735,
2572.12222438336,9739.2,
2573.36082900092,9587,
2574.59924452306,9723.4,
2575.8374709931,9694.6,
2577.07550845431,9593,
2578.31335694998,9713.4,
2579.55101652335,9576.4,
2580.78848721768,9828.4,
2582.0257690762,9709,
2583.26286214214,9688.8,
2584.49976645869,9731.8,
2585.73648206906,9618.8,
2586.97300901643,9790,
2588.20934734395,9805.2,
2589.4454970948,9814.2,
2590.6814583121,9747.8,
2591.917231039,9708.2,
2593.1528153186,9574.2,
2594.388211194,9724.8,
2595.62341870829,9705.2,
2596.85843790456,9862.4,
2598.09326882586,9868.6,
2599.32791151525,9732.6,
2600.56236601575,9873.6,
2601.7966323704,9689.4,
2603.0307106222,9905,
2604.26460081415,9772.6,
2605.49830298923,9745.4,
2606.73181719043,9950.6,
2607.96514346068,9854.2,
2609.19828184295,9867.6,
2610.43123238015,9714.8,
2611.66399511521,10041,
2612.89657009104,9764.8,
2614.12895735052,9848.4,
2615.36115693654,9879.8,
2616.59316889196,10024.4,
2617.82499325963,9819.2,
2619.05663008241,9918.6,
2620.2880794031,9832.6,
2621.51934126454,9876,
2622.75041570951,9904.6,
2623.98130278081,10097.2,
2625.21200252121,10013,
2626.44251497347,9829.4,
2627.67284018035,9919,
2628.90297818458,9854.6,
2630.13292902888,9717.8,
2631.36269275596,9898.8,
2632.59226940852,9990.6,
2633.82165902924,9800.6,
2635.0508616608,9944.6,
2636.27987734585,9779,
2637.50870612704,9919.8,
2638.737348047,9863.6,
2639.96580314834,9825.6,
2641.19407147369,9949.4,
2642.42215306562,10034,
2643.65004796672,9910.8,
2644.87775621955,9815,
2646.10527786668,9828.4,
2647.33261295064,9901.6,
2648.55976151396,9885,
2649.78672359915,9882.4,
2651.01349924873,10014,
2652.24008850518,9750.2,
2653.46649141096,9777,
2654.69270800857,9699.8,
2655.91873834043,9919.2,
2657.14458244899,10117.4,
2658.37024037667,10140.6,
2659.59571216589,9723.8,
2660.82099785905,9930.4,
2662.04609749853,9846.6,
2663.27101112671,9868.2,
2664.49573878595,9879.2,
2665.72028051859,9884,
2666.94463636697,9939.6,
2668.16880637342,9892,
2669.39279058024,10048,
2670.61658902973,9834.6,
2671.84020176418,10139,
2673.06362882584,10035.4,
2674.28687025699,9935.2,
2675.50992609988,9578.6,
2676.73279639671,9888.6,
2677.95548118974,10090.6,
2679.17798052114,10259.8,
2680.40029443313,10070.8,
2681.62242296789,10108.8,
2682.84436616757,10243.4,
2684.06612407434,10012.6,
2685.28769673034,9967.4,
2686.5090841777,10086.2,
2687.73028645854,9982.6,
2688.95130361496,9982.4,
2690.17213568905,9853.8,
2691.3927827229,10072,
2692.61324475857,10031.2,
2693.83352183811,10299.6,
2695.05361400356,10253.4,
2696.27352129696,9963.4,
2697.49324376031,10152.2,
2698.71278143563,10132.8,
2699.93213436489,10071.4,
2701.15130259008,10269,
2702.37028615316,10051.4,
2703.58908509609,10113.2,
2704.8076994608,9958,
2706.02612928922,10253.4,
2707.24437462326,9969.6,
2708.46243550482,10041.6,
2709.6803119758,10126.4,
2710.89800407806,9976.6,
2712.11551185347,10324.6,
2713.33283534388,10036.6,
2714.54997459114,10189.2,
2715.76692963705,10190.4,
2716.98370052344,10333.8,
2718.20028729211,10302.4,
2719.41668998484,10394,
2720.6329086434,10215.6,
2721.84894330956,10162.8,
2723.06479402507,10277,
2724.28046083166,10174,
2725.49594377106,10135.8,
2726.71124288498,10274.6,
2727.92635821512,10247.8,
2729.14128980315,10111.4,
2730.35603769077,10164,
2731.57060191962,10106,
2732.78498253135,10266,
2733.99917956761,10171.6,
2735.21319307001,10169.8,
2736.42702308016,10248.4,
2737.64066963967,10232.2,
2738.85413279011,10219.6,
2740.06741257306,10210.4,
2741.28050903009,10336.8,
2742.49342220273,10306.8,
2743.70615213252,10232.8,
2744.91869886098,10128.8,
2746.13106242963,10390,
2747.34324287997,10334.2,
2748.55524025347,10247.4,
2749.76705459161,10486.2,
2750.97868593584,10398.4,
2752.19013432762,10363.4,
2753.40139980839,10403.6,
2754.61248241955,10274.4,
2755.82338220254,10332.6,
2757.03409919872,10296.6,
2758.24463344951,10501.2,
2759.45498499626,10495.2,
2760.66515388034,10233.6,
2761.87514014309,10323.6,
2763.08494382585,10307.8,
2764.29456496994,10638.8,
2765.50400361667,10312,
2766.71325980734,10363.4,
2767.92233358323,10544.8,
2769.13122498562,10454.8,
2770.33993405576,10330.2,
2771.54846083491,10493.2,
2772.75680536429,10506,
2773.96496768514,10352.2,
2775.17294783865,10714.2,
2776.38074586604,10566.8,
2777.58836180847,10462.2,
2778.79579570714,10581.8,
2780.00304760319,10582.6,
2781.21011753778,10525.8,
2782.41700555204,10574.8,
2783.6237116871,10706.8,
2784.83023598406,10607.4,
2786.03657848403,10636.8,
2787.24273922808,10690.4,
2788.4487182573,10750,
2789.65451561275,10655.6,
2790.86013133547,10804.6,
2792.06556546651,10651.6,
2793.27081804688,10675.6,
2794.4758891176,10643,
2795.68077871966,10658.6,
2796.88548689406,10671.8,
2798.09001368177,10686.4,
2799.29435912376,10694,
2800.49852326096,10559.8,
2801.70250613433,10793,
2802.90630778478,10763.6,
2804.10992825323,10615.4,
2805.31336758059,10711.8,
2806.51662580773,10638.6,
2807.71970297554,10733.4,
2808.92259912488,10789.6,
2810.12531429659,10611.2,
2811.32784853153,10844.4,
2812.53020187052,10707.4,
2813.73237435437,10843,
2814.93436602389,10786.4,
2816.13617691986,10777.6,
2817.33780708307,11017.4,
2818.53925655428,10815.4,
2819.74052537424,10712.8,
2820.94161358369,11131.4,
2822.14252122337,10824.2,
2823.34324833399,10827.6,
2824.54379495626,10875.2,
2825.74416113086,10731,
2826.94434689848,10889.2,
2828.14435229979,10960,
2829.34417737543,10821,
2830.54382216607,10710,
2831.74328671232,10900,
2832.9425710548,10862.4,
2834.14167523413,11077.6,
2835.34059929089,10980.2,
2836.53934326567,11011,
2837.73790719904,10958.2,
2838.93629113156,11095.2,
2840.13449510377,10995.4,
2841.3325191562,11035.4,
2842.53036332939,10990.6,
2843.72802766383,11158.8,
2844.92551220003,10951.4,
2846.12281697846,11206.4,
2847.31994203961,11121.2,
2848.51688742393,11082.4,
2849.71365317188,11026.2,
2850.91023932388,11042,
2852.10664592036,11036,
2853.30287300175,11073.4,
2854.49892060842,10909.2,
2855.69478878078,11056.6,
2856.8904775592,11136.8,
2858.08598698404,11182.8,
2859.28131709565,10934.2,
2860.47646793438,11150.6,
2861.67143954054,11155.4,
2862.86623195447,11115.2,
2864.06084521645,11276.2,
2865.25527936678,11266.8,
2866.44953444575,11240.6,
2867.64361049361,11178.8,
2868.83750755062,11250.8,
2870.03122565702,11362.2,
2871.22476485305,11258.2,
2872.41812517892,11310.4,
2873.61130667484,11442.4,
2874.80430938101,11518.2,
2875.99713333761,11351.2,
2877.1897785848,11179.2,
2878.38224516275,11565,
2879.5745331116,11287,
2880.76664247149,11372.8,
2881.95857328254,11321,
2883.15032558486,11397.6,
2884.34189941854,11635.8,
2885.53329482368,11596,
2886.72451184035,11622.6,
2887.91555050861,11622.8,
2889.10641086852,11653,
2890.2970929601,11519.6,
2891.48759682339,11585.4,
2892.6779224984,11636.2,
2893.86807002513,11564.4,
2895.05803944358,11777,
2896.24783079372,11688.6,
2897.43744411552,11728.2,
2898.62687944893,11705.8,
2899.8161368339,11797.6,
2901.00521631035,11805.2,
2902.19411791821,11820.8,
2903.38284169738,11677,
2904.57138768776,11992.4,
2905.75975592922,12003.8,
2906.94794646165,12012.4,
2908.1359593249,11843.4,
2909.32379455881,11895,
2910.51145220323,11724.2,
2911.69893229797,11803.8,
2912.88623488284,11629.4,
2914.07335999766,11728.8,
2915.26030768219,11537.8,
2916.44707797623,11773.6,
2917.63367091953,11577,
2918.82008655185,11815,
2920.00632491291,11916,
2921.19238604247,12030.6,
2922.37826998022,11811.8,
2923.56397676588,11880.4,
2924.74950643913,11963,
2925.93485903966,11779,
2927.12003460714,11724.4,
2928.30503318122,11621.8,
2929.48985480155,11968.4,
2930.67449950776,11727,
2931.85896733947,11686,
2933.0432583363,12052.4,
2934.22737253784,11870.8,
2935.41130998367,12066,
2936.59507071337,12055.6,
2937.77865476651,12387.2,
2938.96206218263,12216.4,
2940.14529300128,12327,
2941.32834726197,12093.8,
2942.51122500423,12580.2,
2943.69392626756,12485,
2944.87645109144,12604.4,
2946.05879951537,12817.2,
2947.2409715788,12771.8,
2948.4229673212,12836.8,
2949.60478678201,12681.4,
2950.78643000065,12994,
2951.96789701656,13083.4,
2953.14918786914,13392.8,
2954.33030259779,13234.2,
2955.51124124189,13338.8,
2956.69200384083,13156.8,
2957.87259043395,13331.2,
2959.05300106061,13401.2,
2960.23323576016,13334.4,
2961.41329457191,13356.2,
2962.59317753518,13436.2,
2963.77288468928,13387.2,
2964.9524160735,13229.8,
2966.13177172711,13475.8,
2967.3109516894,13430.2,
2968.4899559996,13288.2,
2969.66878469698,13118.4,
2970.84743782075,13272.2,
2972.02591541015,13163.2,
2973.20421750439,13147.4,
2974.38234414265,13122,
2975.56029536414,13170.4,
2976.73807120801,13137.2,
2977.91567171345,13131.4,
2979.09309691959,13097.6,
2980.27034686558,12892,
2981.44742159056,13136.4,
2982.62432113362,13083.8,
2983.80104553388,13019.2,
2984.97759483043,12825.8,
2986.15396906236,12988.6,
2987.33016826874,12754.6,
2988.50619248861,12911.8,
2989.68204176104,12746.2,
2990.85771612505,12943,
2992.03321561967,13089.2,
2993.20854028391,12957.4,
2994.38369015678,12909.6,
2995.55866527725,12916.6,
2996.73346568432,12970,
2997.90809141693,12736.6,
2999.08254251406,12837.8,
3000.25681901463,12853,
3001.43092095759,12723.4,
3002.60484838185,12763.4,
3003.77860132631,12929.6,
3004.95217982988,12702.4,
3006.12558393144,12912.2,
3007.29881366987,13028.6,
3008.47186908401,12746.8,
3009.64475021273,12668,
3010.81745709487,12683,
3011.98998976924,12774.2,
3013.16234827467,12777,
3014.33453264996,12758.2,
3015.5065429339,12554,
3016.67837916528,12815.8,
3017.85004138285,12612.4,
3019.02152962539,12724.8,
3020.19284393163,12688.8,
3021.3639843403,12657,
3022.53495089015,12764.2,
3023.70574361987,12513.2,
3024.87636256817,12796.6,
3026.04680777373,12665.4,
3027.21707927524,12816.2,
3028.38717711135,12686.6,
3029.55710132073,12583.2,
3030.72685194201,12851.2,
3031.89642901384,12759.4,
3033.06583257481,12571,
3034.23506266356,12645.4,
3035.40411931866,12674.2,
3036.57300257871,12667.2,
3037.74171248229,12725.8,
3038.91024906795,12591.8,
3040.07861237425,12749.2,
3041.24680243973,12656.2,
3042.41481930291,12723.6,
3043.58266300231,12828.4,
3044.75033357644,12962,
3045.91783106379,12779.2,
3047.08515550285,12783.2,
3048.25230693208,12879.6,
3049.41928538995,12845.4,
3050.5860909149,12820.2,
3051.75272354538,13003.8,
3052.9191833198,13157.4,
3054.08547027659,13182.2,
3055.25158445414,13049.6,
3056.41752589084,13215.2,
3057.58329462509,13221,
3058.74889069524,13330,
3059.91431413965,13551.4,
3061.07956499667,13708.6,
3062.24464330464,13709,
3063.40954910187,13797,
3064.57428242669,13842,
3065.73884331738,13752,
3066.90323181225,14070,
3068.06744794957,14073,
3069.2314917676,14301.6,
3070.39536330459,14284.8,
3071.55906259881,14387.4,
3072.72258968847,14755.2,
3073.88594461181,14934.4,
3075.04912740702,15035.2,
3076.21213811231,15356.2,
3077.37497676586,15371.4,
3078.53764340585,15203.2,
3079.70013807046,15514.2,
3080.86246079782,15314,
3082.02461162609,15355.2,
3083.18659059339,14977.4,
3084.34839773784,14803.2,
3085.51003309756,14329.8,
3086.67149671064,14158.8,
3087.83278861516,13765.8,
3088.9939088492,13632.8,
3090.15485745083,13356.4,
3091.31563445809,13238.6,
3092.47623990903,13044.4,
3093.63667384169,12728.6,
3094.79693629406,12477.4,
3095.95702730417,12074.2,
3097.11694691,11944.8,
3098.27669514955,11694.6,
3099.43627206079,11462.4,
3100.59567768168,11016,
3101.75491205017,10978.6,
3102.9139752042,10534.8,
3104.0728671817,10193,
3105.23158802059,9912.4,
3106.39013775877,9545,
3107.54851643414,9224.4,
3108.70672408459,8750,
3109.86476074798,8674.8,
3111.02262646218,8351,
3112.18032126503,7723.6,
3113.33784519439,7435.4,
3114.49519828806,7198.2,
3115.65238058389,6726.6,
3116.80939211965,6381.4,
3117.96623293316,6111.6,
3119.1229030622,5677.4,
3120.27940254454,5559.8,
3121.43573141794,5220.4,
3122.59188972014,4862.2,
3123.7478774889,4474,
3124.90369476193,4189.8,
3126.05934157695,3880.6,
3127.21481797167,3631.2,
3128.37012398379,3304.4,
3129.52525965098,2932.8,
3130.68022501092,2689,
3131.83502010127,2457.8,
3132.98964495968,2118,
3134.14409962378,1896.2,
3135.29838413121,1712.2,
3136.45249851959,1473.4,
3137.60644282651,1269,
3138.76021708958,1157,
3139.91382134637,1002.8,
3141.06725563446,884.2,
3142.22051999141,853.8,
3143.37361445478,590.599999999999,
3144.52653906208,689.8,
3145.67929385087,426.8,
3146.83187885865,423.599999999999,
3147.98429412294,458.4,
3149.13653968121,384.8,
3150.28861557097,373.4,
3151.44052182967,357.599999999999,
3152.5922584948,356.6,
3153.74382560378,270.8,
3154.89522319407,276.8,
3156.0464513031,332.4,
3157.19750996827,291.599999999999,
3158.348399227,260.599999999999,
3159.49911911668,238.199999999999,
3160.64966967471,269.4,
3161.80005093844,233.6,
3162.95026294525,222.8,
3164.10030573248,211.599999999999,
3165.25017933749,250.4,
3166.39988379758,217,
3167.5494191501,193.2,
3168.69878543233,218.599999999999,
3169.84798268159,205,
3170.99701093515,110.8,
3172.14587023029,258.8,
3173.29456060428,191.4,
3174.44308209436,144.2,
3175.59143473778,217,
3176.73961857177,163.8,
3177.88763363356,190.2,
3179.03547996034,182.799999999999,
3180.18315758932,173.2,
3181.33066655768,124.4,
3182.47800690261,154.2,
3183.62517866126,180.6,
3184.7721818708,175,
3185.91901656836,195.199999999999,
3187.06568279108,232.4,
3188.21218057607,63.9999999999995,
3189.35850996046,149.2,
3190.50467098134,125,
3191.65066367579,165.4,
3192.79648808091,98.1999999999998,
3193.94214423374,132.599999999999,
3195.08763217136,121.399999999999,
3196.23295193081,126.4,
3197.37810354912,142.2,
3198.52308706331,179.4,
3199.6679025104,117.199999999999,
3200.81254992739,143.199999999999,
3201.95702935127,123.8,
3203.10134081902,161.199999999999,
3204.24548436762,69.9999999999995,
3205.38946003401,89.7999999999997,
3206.53326785515,137.4,
3207.67690786797,122.199999999999,
3208.82038010941,140.2,
3209.96368461637,139,
3211.10682142576,119.199999999999,
3212.24979057447,49.5999999999995,
3213.39259209939,122,
3214.53522603739,102.4,
3215.67769242533,26.5999999999995,
3216.81999130006,169.4,
3217.96212269842,110,
3219.10408665723,67.3999999999996,
3220.24588321332,0,
3221.3875124035,86.1999999999998,
3222.52897426455,98.3999999999996,
3223.67026883327,61.5999999999995,
3224.81139614643,119.8,
3225.95235624079,126,
3227.09314915311,150.199999999999,
3228.23377492013,116,
3229.37423357858,50,
3230.51452516518,110,
